用户主页链接,用户ID
https://www.xiaohongshu.com/user/profile/63e85c220000000026010340?channel_type=explore_feed&parent_page_channel_type=web_profile_board&xsec_token=&xsec_source=pc_feed,小红书号：yj7571356
https://www.xiaohongshu.com/user/profile/5b157cfe11be10030e990523?channel_type=explore_feed&parent_page_channel_type=web_profile_board&xsec_token=&xsec_source=pc_feed,小红书号：182866972
https://www.xiaohongshu.com/user/profile/5bc552306d4b6b0001605dc8?channel_type=explore_feed&parent_page_channel_type=web_profile_board&xsec_token=&xsec_source=pc_feed,小红书号：543848702
https://www.xiaohongshu.com/user/profile/5ae9e559e8ac2b25096edd02?channel_type=explore_feed&parent_page_channel_type=web_profile_board&xsec_token=&xsec_source=pc_feed,小红书号：Madge965
https://www.xiaohongshu.com/user/profile/60aca4bc00000000010019d3?channel_type=explore_feed&parent_page_channel_type=web_profile_board&xsec_token=&xsec_source=pc_feed,小红书号：2607178605
https://www.xiaohongshu.com/user/profile/5ab4baa94eacab1d1256d28f?channel_type=explore_feed&parent_page_channel_type=web_profile_board&xsec_token=&xsec_source=pc_feed,小红书号：chaoran
https://www.xiaohongshu.com/user/profile/562f8c8ef53ee026a3c94b5e?channel_type=explore_feed&parent_page_channel_type=web_profile_board&xsec_token=&xsec_source=pc_feed,小红书号：yimoney
https://www.xiaohongshu.com/user/profile/6468326d000000002b009d8e?channel_type=explore_feed&parent_page_channel_type=web_profile_board&xsec_token=&xsec_source=pc_feed,小红书号：5554830639
https://www.xiaohongshu.com/user/profile/5f12e80e000000000101d01b?channel_type=explore_feed&parent_page_channel_type=web_profile_board&xsec_token=&xsec_source=pc_feed,小红书号：404627413
https://www.xiaohongshu.com/user/profile/57948a2750c4b42efcefc3d8?channel_type=explore_feed&parent_page_channel_type=web_profile_board&xsec_token=&xsec_source=pc_feed,小红书号：634478300
